Id,AnimalName,Spicies,Age,CageNumber,ZooId
0,eros Donec felis,ornare ridiculus Nunc,46,14,1
1,cubilia elementum,rhoncus ipsum,39,55,5
2,netus,consequat,22,11,8
3,habitant,pharetra Aenean porttitor,23,26,4
4,pretium neque,sit fringilla,44,46,9
5,pellentesque,vulputate tincidunt magnis,44,59,2
6,Vestibulum elementum,pulvinar,29,2,1
7,Suspendisse fames,suscipit Phasellus In,4,3,8
8,dignissim viverra dis,sociis felis gravida,35,43,3
9,mus nascetur,ante elementum placerat,43,44,1
10,Aliquam amet,conubia fames consequat,8,11,5
11,Vestibulum,Mauris ut,30,4,7
12,Vivamus Aliquam,Curae,38,1,6
13,odio,commodo mi,49,48,4
14,aliquet consequat egestas,euismod vulputate dolor,8,28,6
15,nibh litora pede,sapien Class urna,14,5,5
16,Integer massa nascetur,nonummy eu,37,19,0
17,vitae Duis,ad,9,37,7
18,commodo,fames et,5,8,6
19,tellus Donec,Etiam In lobortis,48,51,5
20,porta,risus imperdiet,12,37,0
21,Nam,Pellentesque cursus cursus,33,25,0
22,Suspendisse,massa Vestibulum,47,8,6
23,sit,pede Aliquam,27,41,0
24,fringilla placerat,Praesent,11,55,4
25,Integer Proin dapibus,habitant Proin enim,27,58,5
26,eget conubia ultrices,hymenaeos,20,39,0
27,ad,morbi metus,38,25,4
28,viverra augue,varius,0,4,7
29,habitant orci lorem,congue laoreet litora,12,56,1
30,luctus,suscipit,11,10,3
31,vulputate vehicula lorem,tincidunt aliquam,42,1,5
32,parturient lectus ultricies,primis est,7,29,0
33,fringilla nibh fringilla,senectus,14,41,8
34,sem lobortis pulvinar,ac,45,32,1
35,eros Curabitur iaculis,dictum quis,44,52,7
36,sed tristique senectus,sed Etiam,18,39,3
37,hymenaeos,vulputate,8,38,3
38,purus at,Etiam lacinia magna,43,13,5
39,aptent,Integer sodales Curae,12,47,1
40,ligula Ut bibendum,porta imperdiet,40,45,1
41,vehicula ornare,Cras ligula,1,20,0
42,dignissim interdum,convallis,13,0,4
43,Class,Nullam,10,31,4
44,ad taciti Morbi,commodo fermentum,44,23,3
45,vulputate,pede,49,41,1
46,Cras,neque suscipit mollis,8,53,7
47,Curae justo,risus nec at,6,54,3
48,venenatis auctor,bibendum,8,6,5
49,sit Maecenas taciti,arcu ipsum,3,29,0
50,penatibus,Phasellus leo,6,57,5
51,pharetra euismod penatibus,feugiat fringilla,43,2,8
52,rhoncus massa inceptos,feugiat conubia per,0,40,0
53,pretium tincidunt cursus,iaculis lacinia,48,12,4
54,sociis,velit felis,15,11,5
55,sit non,Curabitur euismod Cum,29,50,7
56,quam egestas,commodo,40,7,8
57,fames,fames,9,33,5
58,urna massa,Lorem dolor pede,43,36,8
59,nisl,eleifend mollis dolor,50,33,9
60,Fusce magna congue,cubilia,24,1,4
61,inceptos quis varius,mauris,13,54,0
62,Class,sit lorem,20,13,5
63,sagittis Nulla amet,Nulla nibh malesuada,12,57,5
64,placerat montes,sem elementum ultrices,40,26,6
65,elit primis ornare,cubilia,14,43,7
66,lorem penatibus volutpat,sagittis,14,20,4
67,sollicitudin,semper eu adipiscing,42,16,9
68,sociis tincidunt,est sapien,30,5,5
69,Integer Ut litora,suscipit Sed mi,25,33,8
70,leo,a,16,41,6
71,dapibus,mi,47,7,7
72,torquent convallis,Vivamus mi Suspendisse,21,10,1
73,vitae,pellentesque Proin pellentesque,35,13,5
74,lorem placerat per,justo eu dolor,22,3,9
75,ipsum feugiat,eleifend,27,44,3
76,massa,eleifend taciti leo,15,41,3
77,aliquam Morbi,dictum In pharetra,44,43,3
78,id consequat lorem,vehicula,11,33,5
79,Aenean,nascetur laoreet egestas,15,60,0
80,fringilla fermentum purus,Phasellus sapien,13,28,3
81,convallis leo elit,natoque mi mauris,2,27,8
82,Aliquam,aliquet,5,34,5
83,lacus,pellentesque faucibus feugiat,2,55,3
84,Class nulla,parturient Curabitur,12,54,1
85,Cras pulvinar,Morbi,37,25,3
86,ultricies,aliquet parturient nostra,19,1,9
87,Etiam malesuada,elementum Phasellus,28,54,4
88,conubia feugiat,gravida Lorem felis,9,8,0
89,orci at sodales,Curae Morbi,47,4,6
90,eget elit,amet aliquam dis,14,2,6
91,Cras consectetuer,magnis at,38,45,0
92,morbi Etiam,elementum,19,21,4
93,nulla elementum In,Sed quam Suspendisse,16,39,5
94,semper,euismod hymenaeos varius,42,22,5
95,Donec lacinia feugiat,a,33,34,2
96,Class lectus,velit at,9,49,0
97,mattis ipsum,vel fermentum,42,20,1
98,eget,mattis,10,45,4
99,sociis vehicula,accumsan,23,27,1
100,netus,sem Praesent facilisi,33,33,1
101,consectetuer torquent,et velit mus,28,17,5
102,venenatis blandit ipsum,netus,16,47,1
103,facilisi malesuada conubia,Fusce nisi fringilla,17,55,9
104,dignissim,ultricies lorem,9,55,1
105,sodales Nunc ac,Vivamus odio,20,4,2
106,commodo,viverra ad Praesent,39,59,1
107,senectus,cursus amet,21,56,1
108,urna sodales,quis dictum,5,3,0
109,Nam,non Mauris,17,59,9
110,nonummy,libero quam,15,10,3
111,pellentesque diam aliquam,eros,1,25,1
112,nulla commodo,Cum nascetur,34,3,2
113,per,faucibus Maecenas,0,7,3
114,torquent,tincidunt ad,9,10,1
115,ullamcorper,dui,7,19,8
116,Ut arcu,non aptent,39,4,3
117,tristique,parturient dignissim,37,43,7
118,euismod,nisl nunc cursus,23,5,2
119,libero blandit quam,a,3,7,0
120,malesuada,ipsum torquent arcu,3,35,2
121,lacinia,ridiculus In lacinia,7,46,9
122,lacus lorem viverra,sit torquent,13,14,0
123,enim sollicitudin,natoque blandit,6,37,4
124,tortor,lacus dignissim,13,45,6
125,aptent non posuere,consectetuer,49,25,5
126,massa,nibh venenatis dapibus,5,39,0
127,sapien,nisl parturient,27,4,3
128,congue,tristique,22,36,7
129,vestibulum vulputate ornare,turpis feugiat,48,21,5
130,libero,interdum,45,46,3
131,consectetuer erat,eget porta,35,2,9
132,natoque habitant magna,Lorem Phasellus,34,59,9
133,laoreet Integer,scelerisque Vestibulum,35,55,6
134,eget,id,15,1,1
135,vel,purus id ultricies,9,39,6
136,pellentesque ipsum In,nulla leo,3,50,0
137,Curabitur,litora,29,43,2
138,et,facilisis,46,27,5
139,bibendum,Integer mollis eleifend,27,26,7
140,mollis nulla,habitant per tortor,6,15,9
141,Nam,sodales sem,30,29,6
142,In nisl cursus,elit,24,51,9
143,cursus ante,senectus ante,25,13,0
144,leo Fusce Quisque,adipiscing Sed Pellentesque,1,47,1
145,semper,posuere velit,47,20,1
146,imperdiet elementum,Aliquam Cras,11,38,4
147,Suspendisse vestibulum nec,faucibus,23,60,9
148,ultricies leo lacus,dolor convallis,20,52,9
149,tellus consectetuer ligula,facilisi placerat,30,52,0
150,faucibus,fringilla,41,43,3
151,netus,eros dui tortor,26,4,9
152,lobortis blandit,laoreet facilisis morbi,34,54,4
153,vehicula,accumsan,49,37,0
154,tempor nibh,Aliquam,30,10,0
155,Sed Class,Curabitur,9,2,8
156,nulla primis placerat,taciti suscipit taciti,12,26,3
157,feugiat elit,pellentesque sociis,1,0,1
158,nisl dictum,senectus,13,54,8
159,libero dis sociosqu,nibh Praesent,18,23,6
160,aptent porttitor penatibus,pharetra ipsum egestas,7,53,4
161,cursus blandit,scelerisque odio cursus,27,39,4
162,felis Proin,morbi mus convallis,36,44,5
163,eget facilisi,auctor,1,1,8
164,sem sagittis velit,leo,36,41,6
165,consequat quam,sociis varius parturient,0,16,0
166,placerat pharetra eleifend,amet,10,0,3
167,neque,Fusce,15,11,2
168,tellus Fusce,eros taciti natoque,5,20,6
169,mus rutrum,Vivamus luctus,50,58,2
170,volutpat torquent,nascetur arcu torquent,36,15,2
171,facilisi,aliquam egestas,11,43,1
172,vitae sem,Pellentesque pretium,4,19,7
173,Donec non pulvinar,neque justo augue,40,9,5
174,vulputate posuere natoque,iaculis,30,3,0
175,ridiculus Quisque,laoreet habitant justo,18,34,3
176,Cras aliquet,quis purus,42,55,5
177,erat,neque commodo,10,37,3
178,sit,facilisi,37,18,5
179,ornare lectus,senectus,49,14,1
180,parturient Curae,hymenaeos condimentum ligula,50,53,7
181,rhoncus placerat blandit,Maecenas,38,58,4
182,vitae commodo,Pellentesque natoque iaculis,30,6,0
183,Mauris,ac iaculis,33,54,0
184,fringilla,ut In,19,42,8
185,feugiat conubia,elementum,26,45,9
186,suscipit vel,venenatis aliquam molestie,12,52,3
187,ligula,in ornare,32,11,3
188,lobortis,non diam,28,23,8
189,tristique,enim,29,49,0
190,faucibus,nascetur,38,0,9
191,Morbi mattis,gravida,7,8,1
192,ultricies adipiscing,bibendum faucibus,13,40,8
193,Aliquam per,mattis porta consectetuer,31,22,3
194,dignissim pulvinar vitae,mus tortor Class,1,32,9
195,sagittis fames ornare,Quisque orci justo,16,29,5
196,dis,luctus,10,44,0
197,placerat libero,a sollicitudin dapibus,22,58,4
198,bibendum Aliquam felis,cubilia vel,34,59,4
199,Vestibulum,sodales mi posuere,46,22,9
200,tortor iaculis,aliquet nisi sem,26,37,4
201,leo parturient,varius mattis augue,24,37,1
202,Cras hymenaeos,taciti nisl molestie,28,25,6
203,elit,ac diam inceptos,43,42,9
204,Integer,libero adipiscing augue,6,53,9
205,litora nisi tempor,rhoncus,9,34,9
206,et penatibus,ad,5,35,8
207,ullamcorper Nulla dis,id montes mi,28,23,4
208,habitant eleifend,quam,28,17,0
209,urna dignissim,Curabitur lacinia,18,5,6
210,magnis,dignissim facilisis,20,35,3
211,Nulla,ornare montes,10,48,6
212,nisl Phasellus facilisi,commodo,14,31,9
213,tristique metus quam,Nullam vestibulum,23,6,1
214,nonummy,Donec sociis,26,18,7
215,mauris parturient a,Sed,14,18,3
216,Maecenas,blandit,8,46,5
217,dapibus metus,Fusce laoreet,11,14,7
218,laoreet,feugiat,12,3,5
219,Fusce Etiam,litora mattis,41,48,6
220,inceptos dis,mus,45,28,2
221,pellentesque risus,per venenatis semper,25,19,1
222,risus,rhoncus,18,20,8
223,congue conubia risus,condimentum facilisis,50,32,8
224,nisl,ultricies facilisi,48,16,7
225,nibh sollicitudin facilisis,quam,17,16,8
226,risus,lorem magnis a,47,23,2
227,posuere parturient,Cras,24,43,9
228,congue,vitae mus magnis,34,2,9
229,imperdiet netus,Class Integer porttitor,3,46,3
230,senectus ad ac,facilisi vulputate,25,12,1
231,Class pretium conubia,fermentum,15,50,6
232,est,in sed,39,6,0
233,dictum ultricies Donec,turpis Nam,44,52,7
234,justo inceptos velit,risus,47,50,8
235,luctus,rutrum Etiam per,50,30,3
236,fames imperdiet netus,ullamcorper Mauris,41,18,2
237,vestibulum ullamcorper Ut,magnis diam,7,48,6
238,ligula,vestibulum,19,50,6
239,tempus dignissim,vitae massa,3,29,4
240,dui,venenatis dis,7,16,6
241,facilisi odio nisi,Quisque,42,36,1
242,vulputate nibh faucibus,mauris tempor,44,13,4
243,enim,eros primis,21,1,7
244,Nunc suscipit varius,gravida penatibus,40,41,4
245,malesuada,nisi dapibus non,2,10,3
246,fringilla faucibus,faucibus,42,29,5
247,faucibus,consequat,23,3,4
248,nascetur dignissim imperdiet,Maecenas luctus dictum,22,51,2
249,congue,Curabitur,11,41,7
250,suscipit mus faucibus,sit,23,19,2
251,Cum Curabitur,montes iaculis nascetur,0,48,0
252,montes dignissim,In turpis,4,8,4
253,id sollicitudin,gravida,20,11,1
254,nulla diam sed,non eros,27,36,0
255,et est,nibh sem,38,42,5
256,posuere lobortis consequat,nascetur amet nonummy,19,44,9
257,habitant,imperdiet erat,36,56,3
258,purus conubia vulputate,Class vulputate,1,28,7
259,tellus,dis,43,21,9
260,ac,porta Maecenas,7,46,6
261,diam Fusce Donec,pulvinar molestie,44,18,5
262,mi,primis,29,35,9
263,mollis dignissim lobortis,lacus,6,56,9
264,nisi Nullam,dapibus,31,49,9
265,Lorem,euismod risus fames,2,15,2
266,rutrum vehicula ipsum,felis Mauris,16,10,2
267,at Vivamus Cras,sociis Aenean dis,37,35,2
268,morbi massa Nam,nibh Nam eleifend,6,23,3
269,dignissim,neque fames,34,23,6
270,at Cras sem,faucibus elit,23,45,9
271,pretium consequat fringilla,ullamcorper,23,46,4
272,Maecenas,interdum,12,32,8
273,sed Suspendisse fames,ridiculus urna,46,51,0
274,parturient nostra pretium,Nullam,28,14,4
275,venenatis neque,lacus,19,3,2
276,natoque tristique feugiat,Curabitur Cras magna,41,23,5
277,Cras odio Maecenas,egestas,24,47,0
278,ut,Maecenas,2,5,8
279,tempus natoque,massa,5,46,6
280,convallis,nostra est,28,55,0
281,dui vitae imperdiet,laoreet,26,20,3
282,Aliquam,Integer pede,18,4,7
283,lorem,Etiam,26,51,1
284,et turpis,primis tincidunt erat,28,6,5
285,sociis sociis sapien,nascetur,23,41,0
286,nisl,Morbi sodales eget,15,22,1
287,litora nascetur,magnis,22,8,9
288,aliquet,ante massa,29,58,6
289,fames euismod enim,volutpat justo,21,14,8
290,mi leo,est,50,31,7
291,velit Duis Ut,metus,33,53,8
292,ante Aliquam,ultricies ultrices vitae,30,35,0
293,sit pharetra,Ut hendrerit interdum,16,9,0
294,dui,convallis,28,21,2
295,risus,placerat,19,42,8
296,viverra libero,urna,49,28,1
297,a,Etiam eu,27,20,2
298,luctus,laoreet Pellentesque natoque,24,12,5
299,ornare laoreet,a in,49,24,3
300,id sit augue,volutpat,47,26,0
301,vulputate,Proin aliquet senectus,34,35,5
302,mattis sem Vestibulum,vestibulum sem turpis,39,30,1
303,mattis nonummy,a,44,16,2
304,et,lacus,46,40,3
305,Cras nunc gravida,libero placerat,13,21,2
306,hendrerit,Lorem mi pede,13,4,0
307,euismod non,eros lobortis sem,23,60,4
308,hendrerit sodales,inceptos ultricies montes,35,28,7
309,leo,Integer,1,2,0
310,Etiam mollis mauris,nulla elementum neque,24,9,4
311,felis sagittis placerat,Nullam Vivamus per,15,42,6
312,justo vel,bibendum,31,7,0
313,Curae nibh,nisi quam,1,55,8
314,pulvinar tempus pede,tincidunt,16,11,7
315,consectetuer,Sed turpis lacinia,20,14,2
316,eu,ultrices Cum,26,16,9
317,ad,Suspendisse,45,53,4
318,dapibus,facilisis ullamcorper,36,47,1
319,fringilla,vitae,5,45,4
320,sapien senectus Ut,aptent tempor Vivamus,50,14,8
321,cursus gravida cubilia,aliquam hendrerit,3,41,5
322,cursus libero ut,dui,20,14,2
323,et elementum senectus,eleifend sagittis Pellentesque,46,55,1
324,suscipit diam nostra,Curae imperdiet,37,50,0
325,porttitor ullamcorper,Suspendisse,6,46,8
326,mus malesuada,urna blandit Class,44,17,6
327,natoque augue interdum,non,13,20,2
328,scelerisque,in,7,59,7
329,lobortis,torquent aptent penatibus,26,40,8
330,vulputate ac lacus,odio a mattis,43,20,5
331,Morbi dictum,ad iaculis,22,54,2
332,tellus,dui dapibus rutrum,26,8,2
333,quam per pharetra,sit mi,29,9,1
334,urna est mi,egestas,31,50,5
335,libero leo hendrerit,rutrum,33,33,7
336,viverra Vivamus cursus,eu scelerisque facilisi,43,41,2
337,Curabitur,libero nisl,36,31,5
338,Integer,vitae ridiculus fames,36,23,6
339,felis,nulla,3,5,7
340,convallis Cras,facilisi,1,16,5
341,odio,natoque pulvinar,23,56,8
342,vestibulum Integer nunc,justo Suspendisse tristique,39,12,0
343,quis,Vestibulum vel Maecenas,19,28,5
344,tempus,ultricies sodales,47,44,7
345,parturient Suspendisse Sed,facilisi,44,59,4
346,mus libero Sed,orci nec,41,6,2
347,torquent malesuada ante,primis urna,24,31,3
348,felis Fusce,tempus sociosqu,50,40,5
349,Vestibulum,nascetur,8,52,9
350,litora,dictum dapibus,42,42,6
351,hymenaeos Etiam elementum,nisl Etiam Sed,44,31,7
352,Phasellus odio,Etiam ultrices varius,26,10,5
353,eros egestas,gravida fames,31,13,2
354,mattis,nisi dictum iaculis,40,44,8
355,placerat,suscipit,41,26,0
356,dignissim,vel sociosqu,35,47,9
357,inceptos,sem,46,58,3
358,Mauris cubilia sagittis,Vestibulum id,0,2,1
359,felis amet In,dictum viverra,12,53,5
360,lacus luctus purus,venenatis,16,27,8
361,odio erat varius,torquent,39,23,1
362,ipsum arcu ante,Duis Nulla sed,47,31,7
363,magna at,pharetra inceptos Duis,31,31,3
364,iaculis,parturient gravida,47,57,5
365,faucibus non,vehicula nonummy facilisis,34,58,1
366,primis,Nulla molestie,0,31,4
367,adipiscing,sed Morbi convallis,48,10,0
368,diam torquent at,accumsan,26,5,1
369,nunc,nunc elementum,39,53,1
370,eleifend justo laoreet,nisi,9,11,4
371,sollicitudin,hymenaeos,21,21,1
372,Aenean cubilia morbi,nec tempor,16,25,7
373,commodo Curae,Cras blandit,22,23,0
374,gravida condimentum fermentum,lectus,32,18,1
375,torquent Pellentesque sociosqu,tristique rutrum,3,53,9
376,faucibus,mauris lacus mi,28,54,7
377,tempus metus,convallis primis venenatis,39,45,1
378,non erat,hendrerit,49,30,5
379,mollis porta,suscipit,4,12,1
380,magnis at,et blandit consectetuer,16,28,9
381,Morbi,sem,50,47,6
382,conubia dignissim,natoque fringilla,33,14,8
383,parturient metus convallis,conubia malesuada odio,29,10,7
384,tincidunt,ornare ornare,16,23,1
385,consectetuer leo,sit tincidunt Aenean,45,28,8
386,faucibus risus pulvinar,fames viverra,31,9,0
387,vehicula feugiat,pulvinar nisi,42,12,2
388,Pellentesque fames Donec,In erat,9,5,6
389,aptent,amet faucibus,40,11,3
390,amet,leo Curabitur hymenaeos,35,45,1
391,sagittis varius,ante facilisi Suspendisse,33,11,0
392,cubilia,pulvinar natoque dapibus,4,10,0
393,metus,laoreet ipsum mus,20,52,9
394,ridiculus,pede Aliquam nostra,48,45,3
395,ut ridiculus,Class,46,50,2
396,Aenean enim,Quisque,29,55,6
397,dictum Cras massa,vitae erat,32,20,8
398,Cras,risus,25,6,7
399,risus,lectus felis nisi,36,44,8
400,per nonummy tincidunt,Aenean,10,57,1
401,inceptos euismod,odio,16,59,0
402,adipiscing amet natoque,auctor auctor nonummy,40,45,7
403,est,condimentum,16,26,3
404,feugiat,lorem Aenean,37,21,5
405,eu Proin laoreet,nostra morbi consequat,23,26,9
406,volutpat aptent,auctor,12,9,6
407,sit mattis,volutpat elit ullamcorper,34,18,7
408,eros per,nec Quisque pulvinar,11,49,4
409,dictum Lorem,aliquam at ridiculus,37,3,4
410,nonummy,nisl Aenean,34,14,8
411,auctor,imperdiet Sed,24,49,7
412,nec,nisi metus eget,23,39,6
413,dictum vel conubia,habitant vestibulum blandit,0,28,0
414,Curabitur conubia,egestas,28,18,8
415,pretium,est Phasellus,12,40,3
416,Duis Donec vehicula,torquent netus pretium,47,45,1
417,a,elit mi,7,14,2
418,non,vulputate fermentum,17,48,6
419,Etiam pede,Praesent In ornare,10,58,6
420,faucibus Aliquam,hymenaeos rutrum,20,44,2
421,augue dapibus primis,malesuada,23,40,2
422,eros porta,dapibus cubilia nunc,28,23,7
423,Etiam,ridiculus fames,33,59,7
424,tellus eget varius,sagittis eu mollis,26,56,4
425,gravida lorem,lacinia eros erat,26,29,2
426,tellus euismod,tincidunt semper,21,29,6
427,Phasellus Fusce id,Proin,41,16,0
428,Class lobortis scelerisque,magnis,41,54,1
429,ut posuere tellus,nec tristique egestas,37,25,5
430,nonummy mauris,in lacus augue,8,59,1
431,libero faucibus,montes luctus mauris,25,10,1
432,dignissim elementum,nisi,43,18,8
433,Curae consequat massa,ullamcorper,8,34,6
434,Integer,tortor,41,28,0
435,Suspendisse tempor,ligula scelerisque nulla,16,57,1
436,Praesent auctor,mauris lectus,10,36,6
437,Quisque varius natoque,aliquam,38,56,4
438,taciti interdum euismod,tempor dui,39,20,6
439,pede ligula,Fusce euismod,36,28,0
440,Suspendisse nibh Fusce,natoque,6,51,1
441,dolor Donec,elementum sed eget,35,36,5
442,rhoncus sodales lectus,rutrum accumsan,3,52,3
443,leo,porta lobortis pulvinar,10,55,3
444,netus lacus placerat,Ut,36,2,7
445,inceptos tellus,Aenean consectetuer id,7,38,9
446,cubilia,ridiculus,18,0,0
447,dignissim,placerat,19,16,1
448,senectus laoreet lacus,viverra fames,23,48,4
449,in,eleifend,16,19,8
450,viverra metus Nulla,venenatis,35,11,6
451,magna convallis,sociis,49,55,2
452,Aliquam,Proin ultricies Curae,30,39,9
453,primis ridiculus,sagittis,24,42,8
454,Phasellus sapien Nullam,consectetuer Class felis,43,47,1
455,cursus,nibh Morbi lobortis,11,38,7
456,odio conubia mattis,Morbi interdum,37,33,6
457,Mauris Quisque commodo,vel,35,52,3
458,adipiscing dignissim,fermentum pellentesque ultrices,26,23,0
459,auctor,habitant eleifend,44,51,9
460,vitae Curae,blandit consequat,13,21,7
461,ornare,Vivamus,0,45,7
462,non ornare posuere,natoque,2,53,2
463,neque tristique,sed,37,35,0
464,ligula,litora montes,43,42,5
465,Curabitur sagittis,torquent metus,12,29,6
466,Aenean,viverra,50,57,9
467,Suspendisse rhoncus lobortis,Ut,16,52,6
468,hymenaeos,aliquam vehicula,6,12,3
469,Vestibulum dui ultricies,sem egestas,8,34,4
470,vitae pulvinar,semper iaculis rutrum,45,35,5
471,neque primis venenatis,mi,8,20,6
472,purus lectus,interdum,15,31,8
473,ad feugiat,purus Curae,36,51,0
474,tincidunt gravida dui,condimentum facilisis,33,28,7
475,condimentum,litora Nam,25,56,3
476,sapien,Mauris felis lacus,23,49,8
477,magnis lectus,neque velit at,38,12,6
478,vulputate elit,Sed commodo tempus,11,36,6
479,faucibus hymenaeos Curae,semper eget,20,58,0
480,nunc,imperdiet,36,7,0
481,bibendum Integer massa,lobortis aptent blandit,32,44,4
482,magna,convallis vel,21,0,8
483,conubia vestibulum torquent,scelerisque rutrum,3,21,5
484,rutrum posuere,elit,13,13,5
485,Ut,conubia,31,4,1
486,neque,lacus,10,2,3
487,tempor pede,hymenaeos sagittis,5,7,7
488,iaculis at montes,et,16,18,2
489,nascetur,nonummy dapibus cubilia,15,29,2
490,nunc condimentum,varius habitant felis,49,45,8
491,cubilia felis semper,scelerisque mattis,13,49,9
492,egestas metus,vulputate pulvinar congue,45,18,0
493,luctus,augue nostra eleifend,30,14,3
494,sociosqu mi habitant,elementum eleifend,50,0,1
495,Praesent,arcu,3,41,9
496,Class pretium posuere,enim lacus,15,37,8
497,habitant,eget parturient,30,0,2
498,eget lacinia dui,dignissim hymenaeos lacinia,35,18,8
499,inceptos sagittis,morbi,17,40,8
500,cubilia,vulputate eros fames,15,26,2
501,Nam cubilia elementum,mauris,14,59,5
502,nostra,hendrerit,50,54,4
503,mauris malesuada laoreet,molestie litora,37,42,0
504,odio velit accumsan,sem eu massa,8,13,4
505,aliquam risus per,lorem,36,17,9
506,sem felis,conubia,21,19,5
507,id Integer consectetuer,condimentum,35,12,9
508,parturient penatibus,natoque,27,51,7
509,egestas habitant tellus,Cras,6,35,1
510,dictum,penatibus hendrerit hendrerit,45,59,7
511,Aliquam,morbi natoque congue,19,57,2
512,dictum,neque turpis Curabitur,0,8,8
513,pellentesque,lacus Nunc,25,53,9
514,pellentesque auctor,velit pulvinar molestie,5,49,4
515,ipsum,ridiculus Mauris enim,11,0,3
516,pretium tincidunt lectus,Curae dapibus imperdiet,50,33,4
517,faucibus,dolor,29,52,3
518,Sed,mattis penatibus,29,45,0
519,Curae,luctus,49,37,3
520,viverra,facilisis,47,34,6
521,pellentesque Mauris per,commodo,38,0,2
522,eget,mauris,49,28,5
523,parturient,Cum Mauris,9,34,0
524,leo,sociis,41,33,0
525,vestibulum,Proin eu elit,34,15,0
526,Class lorem est,feugiat sit,4,49,2
527,ad habitant,cubilia In a,45,44,3
528,fames elementum imperdiet,cubilia vehicula,31,32,2
529,eu sollicitudin,volutpat,8,41,4
530,semper et venenatis,volutpat eu,36,1,8
531,ultricies laoreet,iaculis orci,11,56,4
532,Mauris erat,turpis,10,25,4
533,tempor turpis vel,facilisi lectus faucibus,34,53,1
534,ut elementum,nibh,10,23,7
535,morbi,sodales per sed,43,13,3
536,nostra id consectetuer,aliquet est rutrum,14,21,0
537,penatibus enim rutrum,cubilia pretium mauris,26,52,8
538,ipsum cursus vulputate,dapibus,38,59,4
539,malesuada,velit,37,51,8
540,ante,convallis nascetur,30,21,1
541,sem tempus laoreet,dolor,40,47,7
542,amet eget convallis,sagittis Curae montes,33,32,7
543,vulputate Suspendisse vitae,senectus parturient,24,49,5
544,Pellentesque Curabitur nisl,natoque morbi morbi,43,34,5
545,tortor dui semper,montes,33,47,7
546,viverra,nostra placerat at,16,7,5
547,tortor nibh Integer,vitae,1,55,4
548,lectus taciti Fusce,felis,12,27,7
549,gravida felis,inceptos mattis,1,11,1
550,bibendum mattis mauris,nascetur,11,0,4
551,est Ut,dapibus nulla,45,32,0
552,velit Fusce,tellus,47,21,4
553,nulla,ultricies lorem Cum,28,5,4
554,mus Aenean,senectus,13,50,3
555,Vivamus Lorem,netus nisi dictum,49,1,5
556,aliquet euismod,fringilla pharetra venenatis,27,19,1
557,viverra consectetuer,eleifend inceptos volutpat,19,21,8
558,leo,commodo,0,13,1
559,Sed,Nam libero montes,43,7,9
560,molestie libero,facilisi feugiat,24,45,0
561,sollicitudin hendrerit nec,Curae,33,1,5
562,sollicitudin dis,Quisque blandit mattis,0,33,9
563,ut ut,blandit ridiculus,12,34,8
564,nunc nisl Pellentesque,rutrum in,28,46,5
565,ipsum dui,vel,44,33,6
566,a rhoncus quam,euismod,35,17,3
567,Pellentesque consectetuer torquent,vestibulum risus porta,45,37,1
568,felis Vestibulum,semper,24,41,2
569,Curae pretium,purus et velit,20,60,3
570,posuere facilisis magna,natoque diam senectus,13,21,3
571,lorem,aliquet Donec Nunc,17,46,1
572,luctus imperdiet tellus,pharetra,41,7,8
573,volutpat montes dui,venenatis,45,51,5
574,magnis congue,in,47,37,6
575,vehicula Maecenas dolor,senectus,6,47,0
576,nec non Pellentesque,dapibus,34,35,9
577,Quisque mi,varius Cum,39,3,2
578,metus augue,Vestibulum,28,38,9
579,libero erat,Praesent,31,32,1
580,mi dis Duis,ultricies molestie,17,27,5
581,odio amet vestibulum,Cum egestas sem,15,42,4
582,dapibus pretium bibendum,turpis Etiam hendrerit,43,13,2
583,dapibus facilisis,sed ultrices venenatis,26,2,2
584,posuere cursus,adipiscing diam montes,29,42,4
585,Etiam Aenean,ut,31,14,9
586,lacus,facilisis Vestibulum Curabitur,24,43,2
587,imperdiet,condimentum,45,32,8
588,parturient,varius parturient sociis,45,53,0
589,Aliquam,Proin sapien,25,29,0
590,Aenean,Ut molestie adipiscing,34,12,9
591,congue cubilia,arcu cursus pulvinar,37,60,6
592,tempus vel,amet,37,12,5
593,Donec,enim,23,4,0
594,felis,eleifend,35,58,3
595,per inceptos,nec,24,58,4
596,Integer mollis sodales,Cras aptent,12,15,9
597,auctor molestie ipsum,Etiam libero,14,4,5
598,malesuada,pulvinar,19,12,9
599,aliquam velit inceptos,pharetra facilisis,27,22,8
600,viverra Vestibulum bibendum,ipsum,12,30,1
601,lacinia,ornare enim,15,57,9
602,bibendum,aliquet interdum,40,27,8
603,purus,volutpat lectus,40,5,3
604,facilisis augue bibendum,dictum porttitor,13,46,1
605,sollicitudin Vivamus,dapibus,36,27,5
606,dis tincidunt,viverra ornare Duis,16,39,4
607,congue,dolor Morbi,37,54,3
608,leo fringilla,metus,32,23,7
609,Etiam facilisi,mus,19,18,5
610,habitant,Class,37,31,5
611,bibendum imperdiet euismod,bibendum Suspendisse,9,21,3
612,lobortis magna Quisque,sit vulputate molestie,39,14,1
613,Pellentesque,netus montes,33,17,9
614,magna adipiscing consequat,euismod,5,29,8
615,lorem,per,10,20,3
616,odio nonummy pulvinar,eget Phasellus,5,37,7
617,rhoncus mus,consequat posuere,35,45,0
618,Ut consequat sociosqu,Nullam congue rhoncus,17,6,8
619,neque,magna auctor,30,44,3
620,viverra Cras interdum,facilisi convallis id,21,21,9
621,iaculis felis porttitor,per sollicitudin,15,17,8
622,Nullam,at ad lobortis,4,46,5
623,lacinia egestas placerat,malesuada ullamcorper nonummy,36,45,0
624,conubia lacus pellentesque,leo sociosqu arcu,32,51,2
625,sociosqu hymenaeos,posuere habitant,21,30,8
626,elit urna,malesuada Morbi,32,47,0
627,lorem lectus,et pretium Ut,39,49,0
628,Cum,vulputate,8,28,2
629,magna torquent tempus,hymenaeos justo enim,47,34,6
630,sollicitudin pellentesque,Ut suscipit neque,13,48,4
631,scelerisque,eros netus,13,56,2
632,tempus,massa,25,38,5
633,vitae Suspendisse aliquam,Proin lacus fringilla,48,58,9
634,Donec vehicula,auctor ac,19,1,4
635,ultricies,Aenean,21,17,2
636,augue ultrices Curae,sagittis,49,1,0
637,Mauris,convallis,37,24,4
638,at vitae malesuada,eget ante,33,31,0
639,primis Class,lobortis Phasellus,20,8,8
640,ante faucibus,congue,38,2,5
641,quis egestas elementum,Lorem sagittis aliquet,45,59,6
642,Suspendisse parturient,morbi,32,15,4
643,fringilla Morbi elementum,sagittis,1,0,9
644,libero,Donec Cum,30,60,3
645,quam viverra lorem,senectus sodales,30,17,2
646,rhoncus,ultricies congue,6,31,7
647,pede semper torquent,dis,45,50,3
648,facilisi,enim eget purus,47,37,8
649,venenatis ridiculus nunc,arcu,44,41,5
650,ad montes,sodales Cras vel,15,5,7
651,Aenean in,orci,31,58,5
652,mollis tincidunt,Proin lacus,21,20,3
653,mauris feugiat fames,taciti metus Integer,32,10,5
654,Suspendisse,Duis per,49,45,3
655,pretium per blandit,leo,39,57,0
656,imperdiet,nisl tristique,9,8,0
657,rutrum Etiam scelerisque,tempus felis,3,24,2
658,Aliquam dui sollicitudin,erat felis,35,25,3
659,nonummy vestibulum,porttitor arcu,24,27,7
660,tellus,odio consectetuer iaculis,20,5,5
661,interdum ultricies,fames scelerisque nisl,32,30,2
662,magna,sem accumsan Curabitur,24,47,9
663,ullamcorper tempus,imperdiet morbi,0,10,0
664,cubilia nulla libero,leo Etiam,42,1,7
665,nisi habitant aliquet,ac Donec mattis,7,37,9
666,Morbi nisi,id odio sagittis,40,37,7
667,Cum,tincidunt,1,6,0
668,nisi,viverra,4,55,4
669,scelerisque,elit imperdiet,7,38,6
670,nec Curabitur,venenatis primis Pellentesque,0,25,8
671,sem,Pellentesque elementum,46,2,7
672,augue,Cras Integer,38,10,1
673,facilisis,sollicitudin nec aliquam,48,47,0
674,sit conubia,ac Fusce,50,49,3
675,nascetur,aliquet auctor,24,1,3
676,nec,netus est a,1,36,4
677,torquent consequat non,iaculis fringilla,27,13,8
678,inceptos Nunc,pretium Nunc,24,18,3
679,porta mauris odio,eleifend,13,2,9
680,turpis,Morbi eleifend rutrum,42,22,1
681,euismod dapibus,In erat elementum,8,45,2
682,ante,eleifend magna faucibus,28,17,6
683,Etiam vehicula,nostra,22,53,1
684,sociosqu cubilia ultrices,hymenaeos justo Cras,39,2,5
685,condimentum,condimentum nulla Duis,10,24,1
686,Suspendisse pulvinar,Quisque pretium augue,50,55,5
687,conubia fermentum,tellus,15,39,5
688,tempor tempor sodales,Vivamus conubia,11,49,6
689,dui cubilia,mauris tristique adipiscing,49,45,3
690,amet In,sagittis nec faucibus,41,39,8
691,penatibus eleifend,adipiscing,4,37,9
692,lacus mauris scelerisque,dapibus Donec,23,3,2
693,Curabitur posuere,Cum pede,12,9,9
694,parturient condimentum,Nunc quis mus,17,51,9
695,congue,interdum,35,28,9
696,condimentum risus,Nunc,23,33,8
697,sit,metus fames diam,34,48,3
698,augue ac facilisi,Proin iaculis,20,24,8
699,facilisis purus nascetur,feugiat tristique facilisi,4,19,4
700,sit,Morbi,39,17,3
701,taciti non netus,arcu dignissim Vestibulum,29,55,6
702,tortor convallis,ante,20,56,6
703,interdum augue volutpat,pulvinar ac,5,17,5
704,metus Integer,penatibus libero primis,22,55,1
705,Lorem auctor,posuere,2,6,5
706,Praesent magnis,placerat,33,4,0
707,Sed,parturient convallis,38,60,0
708,sociis,at euismod,36,42,8
709,Ut,fringilla,19,48,9
710,pretium ligula,turpis,17,58,4
711,convallis tempus,tellus nunc,30,53,1
712,porttitor,dictum fermentum Morbi,36,56,8
713,commodo imperdiet,sociis,17,19,1
714,aliquet,consequat pellentesque magna,45,42,8
715,erat,Aliquam vitae,15,29,0
716,quis diam,Quisque velit,31,26,6
717,Nunc lorem,Etiam sociosqu,38,41,6
718,mattis ornare,erat,11,31,1
719,Pellentesque iaculis,nec non mus,44,28,0
720,lorem Nunc,litora Pellentesque,31,20,8
721,leo pulvinar,tellus Praesent egestas,26,7,3
722,eu nibh velit,Cum Vivamus,28,46,4
723,vulputate netus,sed Vivamus convallis,17,17,5
724,ac lorem,Nunc,6,16,4
725,auctor,massa,36,28,9
726,ornare,iaculis non egestas,42,34,1
727,amet,Suspendisse lacus Proin,43,38,9
728,eu cubilia in,luctus sodales metus,23,22,0
729,conubia,dapibus natoque odio,36,4,3
730,Lorem faucibus,sit,0,54,2
731,habitant Aenean ultrices,semper,9,22,5
732,dapibus,urna dignissim nibh,36,20,8
733,Cum,sociis,27,3,1
734,nonummy sagittis inceptos,lacinia nulla,46,13,5
735,aliquam sapien,placerat Nam,5,35,7
736,Class,mattis Lorem,24,21,7
737,congue diam ligula,Aliquam,5,19,1
738,semper euismod,odio amet Integer,34,21,7
739,nulla velit risus,tristique semper primis,2,13,3
740,turpis,natoque suscipit dapibus,33,50,0
741,torquent quis habitant,eros eu dis,6,6,9
742,ipsum,dictum,1,38,0
743,hendrerit ligula,imperdiet nascetur,33,46,2
744,pellentesque nulla,diam,28,33,4
745,aliquam,montes inceptos senectus,37,53,0
746,nisl varius sodales,convallis Mauris,5,24,3
747,nisl risus fermentum,Curae purus lectus,46,28,6
748,suscipit sit neque,vulputate nisl Duis,13,4,4
749,dictum,mollis,50,56,7
750,lectus lorem lobortis,Cum nascetur ad,24,59,2
751,velit,natoque vel,18,43,1
752,turpis,sociis,24,43,8
753,ac,Nunc Curae Phasellus,36,13,6
754,sem litora purus,Vestibulum,20,53,9
755,odio vehicula ac,Phasellus urna,37,50,8
756,Class sit,facilisis,28,21,0
757,felis Cras pede,tincidunt aptent,41,29,8
758,dictum,volutpat mattis Sed,39,27,0
759,In porta nisi,tempor risus,25,28,3
760,In vitae,tellus,38,50,0
761,ultricies,ad,21,56,5
762,Vestibulum sociis at,Sed,23,10,2
763,morbi tempor,Praesent Ut,26,39,3
764,pede quam,mollis luctus aliquam,26,40,9
765,ipsum eget,Morbi,31,45,3
766,porta magnis id,sollicitudin ornare,0,13,6
767,montes ullamcorper,mus dis,17,24,4
768,nisi,Aenean sodales,36,38,4
769,conubia fringilla porttitor,et viverra,24,28,4
770,malesuada,suscipit Vestibulum at,26,26,2
771,eros,feugiat,47,11,4
772,dui penatibus Nullam,mattis,28,49,1
773,Maecenas,semper,40,11,6
774,lorem tortor odio,sodales eleifend mus,8,46,4
775,nostra,tincidunt ridiculus,1,31,5
776,primis erat,est,20,49,0
777,lacus,consequat aptent diam,50,58,9
778,pretium,nulla,6,27,9
779,consectetuer,ligula sodales justo,18,13,8
780,metus volutpat,Morbi lorem diam,9,41,6
781,mus,orci,41,32,0
782,ante Nulla suscipit,diam eget,7,52,4
783,iaculis ac semper,eros ultrices nonummy,3,31,6
784,Morbi,id accumsan,35,5,6
785,Curae sem inceptos,tristique Vestibulum at,20,13,3
786,commodo,facilisis,20,38,6
787,ad Vivamus,commodo dapibus quam,3,3,1
788,mollis fermentum,accumsan auctor,33,23,2
789,fames a,fermentum,25,56,4
790,Sed nulla metus,lorem Ut,10,2,9
791,diam tempor faucibus,dis Nam,8,5,7
792,in sollicitudin,molestie mauris,16,10,6
793,ornare,lectus tempor Vestibulum,4,8,7
794,neque Integer,sed vestibulum sollicitudin,46,35,5
795,Nunc feugiat Nunc,pharetra iaculis sodales,38,5,8
796,mus in,dignissim Donec,5,9,9
797,In Curabitur,Ut ullamcorper,47,46,0
798,neque sit,hymenaeos massa,5,31,1
799,congue nibh Morbi,sit iaculis cursus,41,19,9
800,Maecenas augue Aenean,consequat,1,21,6
801,Maecenas lorem,auctor habitant adipiscing,15,31,2
802,Nullam,sociosqu magnis vehicula,4,2,8
803,natoque,libero justo,50,24,3
804,libero,Duis rutrum montes,4,24,2
805,sapien ad Vivamus,cubilia,46,19,8
806,justo,Sed non,34,56,5
807,eros vitae,id id sapien,29,28,7
808,metus,tincidunt arcu,49,22,4
809,risus Integer,luctus Etiam sit,50,40,0
810,a Nullam odio,conubia,21,12,0
811,lacinia mauris lacinia,tincidunt ridiculus Fusce,1,31,8
812,rutrum eros,Curabitur sit,30,46,1
813,Nullam,ultricies,10,47,0
814,parturient varius ultricies,eros,37,44,7
815,in,gravida Mauris,26,11,0
816,fames massa ultricies,Nunc viverra Curae,16,27,6
817,lectus,eget,8,3,0
818,sagittis primis,ullamcorper,36,38,7
819,tempor nostra,ad,25,52,4
820,purus,ante Donec lorem,4,54,7
821,purus Aenean ante,in vehicula facilisis,22,10,9
822,Mauris laoreet fringilla,Etiam,6,1,3
823,ligula Ut,Pellentesque consectetuer,14,22,0
824,bibendum,Curabitur,36,1,2
825,mus,elit,21,54,2
826,nunc lorem hymenaeos,porta Morbi Quisque,44,25,3
827,libero,mauris mi,32,27,4
828,egestas porttitor pellentesque,diam,17,11,1
829,tempus taciti eleifend,scelerisque,47,24,1
830,leo Proin,odio litora,31,37,5
831,fames,dignissim,9,41,5
832,Aliquam tempus adipiscing,morbi,11,8,3
833,aliquam,sociosqu metus,33,51,3
834,sed Class,at,24,11,9
835,morbi molestie facilisis,Integer,10,0,4
836,adipiscing,enim natoque,4,10,8
837,congue Cras at,litora vulputate,33,51,3
838,Proin sollicitudin,sed,42,23,7
839,rhoncus,vehicula,25,23,0
840,ipsum,purus nisi massa,17,37,1
841,nulla Cum egestas,eget Nulla,27,48,5
842,volutpat turpis,sociis,3,1,7
843,arcu primis Lorem,pharetra Cras,33,28,3
844,lacinia Fusce,placerat Curae lectus,10,55,0
845,per,quis Curabitur Ut,29,19,1
846,Aliquam,nisi,44,1,3
847,Nam fringilla habitant,mauris commodo,14,51,3
848,dui,venenatis consequat risus,25,16,4
849,litora mauris massa,sit,34,48,9
850,primis,risus mus,4,45,9
851,purus,vestibulum,40,36,7
852,montes,Nam,8,5,6
853,Donec orci malesuada,eros Nam,3,21,7
854,Cras,torquent,21,54,1
855,turpis,turpis Phasellus,22,23,5
856,vitae viverra,euismod,25,42,5
857,Quisque nascetur Etiam,consequat,43,1,0
858,congue scelerisque malesuada,Sed,50,11,2
859,luctus sociis,ultricies elementum ad,37,48,3
860,pede nascetur cubilia,cubilia Praesent dictum,12,17,1
861,nibh posuere mi,quam Donec massa,24,1,7
862,pharetra,venenatis,35,54,1
863,pellentesque odio,tortor eu,9,21,1
864,metus Morbi,mauris parturient montes,4,38,1
865,eget Ut quam,sollicitudin sollicitudin turpis,37,60,4
866,dolor,bibendum Morbi,21,29,1
867,congue,primis,2,51,4
868,in Praesent elit,ultrices fermentum,46,42,7
869,molestie ultrices venenatis,pretium rhoncus sagittis,5,51,5
870,fringilla,Donec,50,33,8
871,Etiam Class ultrices,odio Nullam adipiscing,48,10,0
872,facilisi cursus,id,43,2,3
873,taciti volutpat,amet,11,52,3
874,Nulla,mi,49,41,9
875,dapibus,nibh fames Mauris,24,58,5
876,vehicula metus,non interdum tempor,4,1,9
877,imperdiet,augue mattis nisi,27,20,4
878,adipiscing dignissim,velit montes,22,2,6
879,amet condimentum,elementum,12,43,3
880,elementum,quis,30,1,0
881,Lorem penatibus,eu,17,34,3
882,sodales dui taciti,tellus vitae mattis,40,20,2
883,magnis molestie felis,iaculis tortor,24,59,5
884,magna,Suspendisse,24,46,1
885,tincidunt mollis,condimentum litora,48,15,7
886,Nullam,at cursus diam,37,37,7
887,vulputate ultrices,diam massa montes,10,25,0
888,netus taciti facilisis,ad nascetur consectetuer,44,28,6
889,sociis ac,eros hendrerit Maecenas,27,15,0
890,Aliquam tincidunt diam,Proin fermentum egestas,5,36,7
891,leo mi,augue lacus,10,27,3
892,lorem senectus,non varius Curae,3,31,3
893,conubia vulputate,ut,5,4,3
894,at pharetra,ligula justo et,7,2,2
895,imperdiet cursus Duis,tristique ligula,39,41,8
896,eu elementum,posuere fermentum,48,33,7
897,conubia Aenean Vivamus,nostra,16,45,4
898,aliquam tempus,Donec,15,28,8
899,sollicitudin eros ultricies,Vivamus,28,51,5
900,sed aliquam,semper Maecenas facilisi,22,56,6
901,mus mi torquent,semper,13,37,7
902,convallis augue,hendrerit,23,32,1
903,odio,aptent eget molestie,35,7,1
904,porttitor morbi Curae,aliquet neque interdum,24,46,3
905,ac penatibus,magna Aenean Vestibulum,23,44,4
906,aliquet Vivamus sed,Curae velit,39,28,4
907,cubilia,netus commodo,34,2,7
908,nec sem mattis,nibh hendrerit viverra,36,36,4
909,eros egestas ac,vehicula,47,17,7
910,sollicitudin id,sem,21,14,3
911,luctus tempus tristique,posuere,15,38,6
912,feugiat rhoncus,ligula eleifend,12,53,1
913,nisi,Morbi Maecenas,5,55,6
914,hymenaeos ridiculus rhoncus,posuere,0,3,3
915,sodales dictum ante,a suscipit senectus,29,21,2
916,sit,volutpat habitant,5,14,9
917,Proin,condimentum,30,3,3
918,cursus iaculis,libero,35,17,3
919,erat amet euismod,ligula Etiam,19,34,3
920,fames iaculis nec,et,22,21,7
921,convallis metus ultricies,nibh sagittis feugiat,32,60,7
922,luctus ornare Donec,rutrum scelerisque consectetuer,45,10,9
923,aptent scelerisque Curae,primis dignissim accumsan,25,26,8
924,feugiat sed,eleifend facilisis,42,45,8
925,vitae eros pulvinar,sit hymenaeos,2,11,1
926,inceptos mollis lorem,sit,40,13,7
927,ut malesuada,ligula,34,45,3
928,sapien malesuada,auctor,40,35,0
929,lobortis felis,tortor,16,52,6
930,penatibus quis metus,conubia Class Vivamus,9,31,0
931,pede malesuada,Pellentesque feugiat morbi,36,49,3
932,pharetra,tristique,21,55,8
933,neque odio facilisis,ridiculus bibendum habitant,45,39,4
934,eu vestibulum,Curae lacinia,10,55,1
935,malesuada,placerat,35,31,7
936,mauris Duis natoque,vehicula mollis,33,48,0
937,sem Vivamus,Ut non libero,50,8,6
938,mattis,luctus arcu mollis,1,60,5
939,mauris Mauris senectus,dapibus malesuada gravida,31,33,8
940,scelerisque ultrices,consequat felis,45,52,0
941,nonummy dis tempus,mi,4,18,0
942,sapien,magnis ultricies vulputate,29,29,2
943,consectetuer magna euismod,erat,41,30,9
944,penatibus,Praesent et ipsum,8,4,2
945,fringilla,consectetuer vulputate,6,48,3
946,Lorem,et elementum sapien,47,59,6
947,vestibulum habitant accumsan,Vestibulum molestie aliquet,22,7,0
948,Morbi Etiam,hymenaeos Class pede,5,47,4
949,ad laoreet,ac taciti enim,35,40,7
950,cursus,justo non porta,10,58,8
951,commodo montes suscipit,dignissim mi augue,31,51,2
952,conubia vitae vestibulum,felis consectetuer,12,45,1
953,mi,Pellentesque taciti,0,56,3
954,Praesent,dui iaculis Quisque,24,42,1
955,montes,convallis habitant Integer,22,39,9
956,vehicula inceptos,libero Aliquam nec,44,16,3
957,diam,arcu,45,28,1
958,facilisis,id pharetra sit,6,48,5
959,Mauris justo lacus,Curae nonummy,28,47,1
960,iaculis nonummy,vestibulum lacus,44,21,5
961,sit vulputate,eros lectus,22,41,6
962,euismod luctus morbi,diam Nullam habitant,41,25,1
963,per auctor,pulvinar,34,36,4
964,venenatis malesuada,arcu nisl lobortis,12,6,1
965,quis,justo tincidunt,37,16,1
966,imperdiet urna congue,Nulla fames,8,59,7
967,netus mus eros,magna aliquam pulvinar,11,29,4
968,tempus,habitant,9,16,4
969,nec molestie,nisl Maecenas aliquam,30,0,8
970,lobortis netus,nascetur,0,24,7
971,turpis hymenaeos vel,consequat,36,17,1
972,ridiculus arcu montes,Cum ultricies cursus,36,53,0
973,libero,natoque Nullam,26,54,6
974,Mauris malesuada Proin,justo pede dolor,49,58,8
975,vestibulum dui porttitor,libero aliquam,18,52,7
976,Vestibulum parturient,aptent,12,19,6
977,Duis,elementum,3,24,9
978,taciti pede,Quisque,38,14,0
979,blandit nunc,taciti eget pulvinar,44,52,1
980,sagittis porta nostra,sagittis posuere,47,37,0
981,mattis,viverra aptent taciti,34,2,7
982,nec,magna fringilla eget,33,6,3
983,sagittis purus,mauris,20,22,0
984,erat,sociosqu nonummy rhoncus,50,25,7
985,neque feugiat pellentesque,inceptos,29,45,8
986,condimentum dignissim ut,lacus Etiam,25,32,6
987,ultricies non,lectus,24,8,6
988,neque nulla pretium,imperdiet Duis mus,43,26,7
989,iaculis blandit,mi In sapien,19,47,8
990,mollis dignissim,penatibus lobortis convallis,39,42,1
991,per nostra,Duis habitant torquent,5,52,6
992,Aenean,egestas elementum dictum,6,36,6
993,volutpat consequat,nec purus,43,55,0
994,risus,rutrum,5,54,7
995,vestibulum tincidunt eleifend,dis egestas est,28,55,8
996,at eu vitae,blandit ullamcorper,0,16,5
997,ante justo,Nulla,22,44,7
998,luctus pede,Donec dolor tempor,20,48,6
999,et rutrum consectetuer,ullamcorper,45,9,0
